{
  "train.announce.doors": {
    "sounds": [
      "kimlongcity:announces/doors"
    ]
  },
  "train.announce.goodbye": {
    "sounds": [
      "kimlongcity:announces/goodbye"
    ]
  },
  "train.announce.hung_phu_station": {
    "sounds": [
      "kimlongcity:announces/hung_phu_station"
    ]
  },
  "train.announce.kim_long_intl": {
    "sounds": [
      "kimlongcity:announces/kim_long_intl"
    ]
  },
  "train.announce.next_station": {
    "sounds": [
      "kimlongcity:announces/next_station"
    ]
  },
  "train.announce.one": {
    "sounds": [
      "kimlongcity:announces/one"
    ]
  },
  "train.announce.please_notice_gap": {
    "sounds": [
      "kimlongcity:announces/please_notice_gap"
    ]
  },
  "train.announce.train_to": {
    "sounds": [
      "kimlongcity:announces/train_to"
    ]
  },
  "train.announce.two": {
    "sounds": [
      "kimlongcity:announces/two"
    ]
  },
  "train.announce.will_arrive_at": {
    "sounds": [
      "kimlongcity:announces/will_arrive_at"
    ]
  },
  "train.announce.open_left": {
    "sounds": [
      "kimlongcity:announces/open_left"
    ]
  },
  "train.announce.open_right": {
    "sounds": [
      "kimlongcity:announces/open_right"
    ]
  }
}   
